segment,kind,boundary_s,local_floor_dbfs,speech_free_before_boundary_s,speech_free_after_boundary_s,speech_onset_s,usable_preroll_s,status,reason
1,ayah,3.31,-32.8,,,3.98,,unmeasured,no bed to measure against: the intro (0-3.637 s) carries no bed and decays below the later floor; 124 ms of digital silence at 3.637-3.761 s (a splice) sits inside segment 1; the boundary at 3.31 s is in the intro's decay tail. onset_s is the first rise above the post-splice floor + margin
2,ayah,7.24,-32.6,0.31,0.24,7.48,0.55,measured,
3,ayah,11.69,-32.4,0.31,0.2,11.89,0.51,measured,
4,ayah,16.88,-31.8,0.27,0.22,17.1,0.49,measured,
5,ayah,20.67,-31.4,0.28,0.2,20.87,0.48,measured,
6,ayah,25.78,-31.4,0.36,0.12,25.9,0.48,measured,
7,ayah,31.8,-30.6,0.29,0.24,32.04,0.53,measured,
8,ayah,39.09,-30.6,0.4,0.22,39.31,0.62,measured,
9,ayah,44.23,-29.6,0.45,0.09,44.32,0.54,measured,
10,ayah,52.18,-29.1,0.37,0.22,52.4,0.59,measured,
11,ayah,57.25,-29.2,0.4,0.23,57.48,0.63,measured,
12,ayah,64.88,-29.0,0.44,0.13,65.01,0.57,measured,
13,refrain,70.4,-29.7,0.41,0.16,70.56,0.57,measured,
14,ayah,78.23,-30.8,0.47,0.16,78.39,0.63,measured,
15,ayah,87.28,-30.3,0.49,0.22,87.5,0.71,measured,
16,refrain,97.4,-31.0,0.23,0.09,97.49,0.32,measured,
17,ayah,106.7,-32.4,0.25,0.22,106.92,0.47,measured,
18,refrain,113.69,-32.2,0.37,0.26,113.95,0.63,measured,
19,ayah,121.37,-31.2,0.35,0.21,121.58,0.56,measured,
20,ayah,126.76,-30.8,0.34,0.3,127.06,0.64,measured,
21,refrain,131.82,-31.5,0.32,0.24,132.06,0.56,measured,
22,ayah,139.61,-32.5,0.28,0.27,139.88,0.55,measured,
23,refrain,145.2,-32.1,0.28,0.25,145.45,0.53,measured,
24,ayah,152.45,-31.2,0.29,0.25,152.7,0.54,measured,
25,refrain,160.51,-30.4,0.33,0.27,160.78,0.6,measured,
26,ayah,168.34,-29.7,0.47,0.19,168.53,0.66,measured,
27,ayah,178.84,-30.0,0.42,0.06,178.9,0.48,measured,
28,refrain,187.51,-31.2,0.57,0.43,187.94,1.0,measured,
29,ayah,197.29,-33.4,0.3,0.26,197.55,0.56,measured,
30,refrain,207.42,-33.3,0.33,0.24,207.66,0.57,measured,
31,ayah,216.01,-30.9,0.48,0.18,216.19,0.66,measured,
32,refrain,221.97,-31.9,0.43,0.19,222.16,0.62,measured,
33,ayah,231.2,-32.5,0.59,0.37,231.57,0.96,measured,
34,refrain,265.63,-30.8,0.39,0.2,265.83,0.59,measured,
35,ayah,273.79,-29.6,0.47,0.05,273.84,0.52,measured,
36,refrain,288.67,-30.9,0.41,0.18,288.85,0.59,measured,
37,ayah,296.62,-31.3,0.36,0.23,296.85,0.59,measured,
38,refrain,305.35,-31.7,,,,,suspect,boundary lies inside continuous speech 304.40-305.96 s; nearest speech-free gaps 304.11-304.40 s (before) and 305.96-306.48 s (after); energy cannot place the ayah start - needs a listening check
39,ayah,314.39,-30.9,0.33,0.27,314.66,0.6,measured,
40,refrain,329.48,-31.2,0.32,0.29,329.77,0.61,measured,
41,ayah,336.95,-31.9,0.25,0.25,337.2,0.5,measured,
42,refrain,351.76,-32.5,0.15,0.11,351.87,0.26,measured,
43,ayah,361.23,-34.4,0.38,0.43,361.66,0.81,measured,
44,ayah,369.1,-34.5,0.26,0.25,369.35,0.51,measured,
45,refrain,375.58,-34.5,0.28,0.25,375.83,0.53,measured,
46,ayah,382.54,-34.7,0.27,0.23,382.77,0.5,measured,
47,refrain,390.22,-34.7,0.3,0.27,390.49,0.57,measured,
48,ayah,397.69,-32.7,0.45,0.27,397.96,0.72,measured,
49,refrain,403.28,-32.0,0.28,0.24,403.52,0.52,measured,
50,ayah,410.68,-31.9,0.38,0.24,410.92,0.62,measured,
51,refrain,415.53,-32.5,0.27,0.23,415.76,0.5,measured,
52,ayah,422.63,-33.5,0.38,0.3,422.93,0.68,measured,
53,refrain,428.94,-33.6,0.27,0.25,429.19,0.52,measured,
54,ayah,436.49,-33.0,0.31,0.27,436.76,0.58,measured,
55,refrain,454.14,-32.8,0.29,0.26,454.4,0.55,measured,
56,ayah,461.36,-32.7,0.33,0.32,461.68,0.65,measured,
57,refrain,481.31,-33.5,0.3,0.29,481.6,0.59,measured,
58,ayah,488.97,-32.6,0.42,0.36,489.33,0.78,measured,
59,refrain,496.93,-32.0,0.29,0.27,497.2,0.56,measured,
60,ayah,504.74,-32.5,0.31,0.34,505.08,0.65,measured,
61,refrain,523.43,-36.1,0.36,0.32,523.75,0.68,measured,
62,ayah,532.64,-35.6,0.32,0.24,532.88,0.56,measured,
63,refrain,539.4,-34.8,0.22,0.22,539.62,0.44,measured,
64,ayah,546.45,-33.4,0.26,0.24,546.69,0.5,measured,
65,refrain,552.66,-33.5,0.27,0.24,552.9,0.51,measured,
66,ayah,560.04,-32.9,0.31,0.27,560.31,0.58,measured,
67,refrain,564.97,-34.1,0.26,0.24,565.21,0.5,measured,
68,ayah,572.73,-34.3,0.27,0.25,572.98,0.52,measured,
69,refrain,579.97,-34.9,0.28,0.25,580.22,0.53,measured,
70,ayah,588.08,-33.5,0.36,0.34,588.42,0.7,measured,
71,refrain,595.72,-32.7,0.32,0.28,596.0,0.6,measured,
72,ayah,603.61,-30.6,0.51,0.04,603.65,0.55,measured,
73,refrain,610.1,-30.6,0.32,0.27,610.37,0.59,measured,
74,ayah,617.68,-31.0,0.41,0.23,617.91,0.64,measured,
75,refrain,632.73,-34.1,0.31,0.29,633.02,0.6,measured,
76,ayah,641.7,-34.2,0.31,0.29,641.99,0.6,measured,
77,refrain,661.39,-32.5,0.35,0.31,661.7,0.66,measured,
78,ayah,670.11,-34.0,0.35,0.25,670.36,0.6,measured,
